Название товара;Доступность;Цена;Цена старая;Хлебные крошки;Регион;Сслыка на товар;Ссылки на картинки
Rev&Roll EU881011 Фигурка+машинка (метал) - Рев и Рамбл;True;1289;;Главная - Каталог продукции - Игровые наборы - Фигурки - Rev&Roll EU881011 Фигурка+машинка (метал) - Рев и Рамбл;Ростов-на-Дону;https://www.toy.ru/catalog/toys-figurki/rev_roll_eu881011_figruka_mashinka_metal_rev_i_rambl/;https://cdn.toy.ru/upload/iblock/3b1/82_600.jpg?_cvc=1650080446, https://cdn.toy.ru/upload/iblock/267/855845_main.jpg?_cvc=1650080446
Wincars YK-2208 Машинка с большими колёсами инерционная металлическая 10 см, (в ассортименте);True;459;;Главная - Каталог продукции - Транспорт - Коллекционные машинки - Коллекционные машинки - Wincars YK-2208 Машинка с большими колёсами инерционная металлическая 10 см, (в ассортименте);Ростов-на-Дону;https://www.toy.ru/catalog/modeli_mashin/wincars_yk_2208_mashinka_s_bolshimi_kolyesami_inertsionnaya_metallicheskaya_10_sm_v_assortimente/;https://cdn.toy.ru/upload/iblock/3d1/yk_2208.jpg?_cvc=1650080446
Welly 52590 Велли Модель автобуса Mercedes-Benz (в ассортименте);True;809;;Главная - Каталог продукции - Транспорт - Коллекционные машинки - Коллекционные машинки - Welly 52590 Велли Модель автобуса Mercedes-Benz (в ассортименте);Ростов-на-Дону;https://www.toy.ru/catalog/modeli_mashin/welly_52590_velli_model_avtobusa_mercedes_benz/;https://cdn.toy.ru/upload/iblock/462/c1f8c0260141b918fedd0cca4af51a39.jpg?_cvc=1650080446, https://cdn.toy.ru/upload/iblock/32b/592c7a19ce1af.jpg?_cvc=1650080446, https://cdn.toy.ru/upload/iblock/24e/700_nw.jpg?_cvc=1650080446
Childs Play LVY027 Машина Автовоз;True;2249;2879;Главная - Каталог продукции - Транспорт - Спецтехника  - Childs Play LVY027 Машина Автовоз;Ростов-на-Дону;https://www.toy.ru/catalog/toys-spetstekhnika/childs_play_lvy027_mashina_avtovoz/;https://cdn.toy.ru/upload/iblock/504/lvy027_1.jpg?_cvc=1650080446, https://cdn.toy.ru/upload/iblock/531/lvy027_2_1.jpg?_cvc=1650080446, https://cdn.toy.ru/upload/iblock/2fd/lvy027_3.jpg?_cvc=1650080446, https://cdn.toy.ru/upload/iblock/804/lvy027_4.jpg?_cvc=1650080446, https://cdn.toy.ru/upload/iblock/19e/lvy027_5.jpg?_cvc=1650080446, https://cdn.toy.ru/upload/iblock/f9f/lvy027_6.jpg?_cvc=1650080446, https://cdn.toy.ru/upload/iblock/529/lvy027.jpg?_cvc=1650080446, https://cdn.toy.ru/upload/iblock/d8d/lvy027_2.jpg?_cvc=1650080446
Rev&Roll EU881210 Машинка - Рамбл;True;1579;;Главная - Каталог продукции - Игровые наборы - Любимые герои - Rev&Roll EU881210 Машинка - Рамбл;Ростов-на-Дону;https://www.toy.ru/catalog/lyubimye_geroi_figures/rev_roll_eu881210_mashinka_rambl/;https://cdn.toy.ru/upload/iblock/3cf/90_600.jpg?_cvc=1650080446, https://cdn.toy.ru/upload/iblock/703/855944_main.jpg?_cvc=1650080446
Welly 43761 Велли Модель машины 1:34-39 Shelby Cobra S/C 1965;True;459;;Главная - Каталог продукции - Транспорт - Коллекционные машинки - Коллекционные машинки - Welly 43761 Велли Модель машины 1:34-39 Shelby Cobra S/C 1965;Ростов-на-Дону;https://www.toy.ru/catalog/modeli_mashin/welly_43761_velli_model_mashiny_1_34_39_shelby_cobra_s_c_1965/;https://cdn.toy.ru/upload/iblock/f74/43761_red.jpg?_cvc=1650080446, https://cdn.toy.ru/upload/iblock/1ad/43761.jpg?_cvc=1650080446
Welly 39889 Велли Модель машины 1:32 Mercedes-Benz G-класс;True;619;769;Главная - Каталог продукции - Транспорт - Коллекционные машинки - Коллекционные машинки - Welly 39889 Велли Модель машины 1:32 Mercedes-Benz G-класс;Ростов-на-Дону;https://www.toy.ru/catalog/modeli_mashin/welly_39889_velli_model_mashiny_1_32_mercedes_benz_glk/;https://cdn.toy.ru/upload/iblock/037/b7e463b8_c117_11e5_a753_00155d093116.jpeg?_cvc=1650080446, https://cdn.toy.ru/upload/iblock/bf6/c9dd6e0.jpg?_cvc=1650080446
Rev&Roll EU881730 Фигурка+машинка (пластик) - Бо и Сприцер;True;2099;;Главная - Каталог продукции - Игровые наборы - Любимые герои - Rev&Roll EU881730 Фигурка+машинка (пластик) - Бо и Сприцер;Ростов-на-Дону;https://www.toy.ru/catalog/lyubimye_geroi_figures/rev_roll_eu881730_figruka_mashinka_plastik_bo_i_spritser/;https://cdn.toy.ru/upload/iblock/994/6563022_0.jpg?_cvc=1650080446, https://cdn.toy.ru/upload/iblock/ac3/6563022_1.jpg?_cvc=1650080446, https://cdn.toy.ru/upload/iblock/874/6563022_2.jpg?_cvc=1650080446, https://cdn.toy.ru/upload/iblock/ed0/6563022_3.jpg?_cvc=1650080446, https://cdn.toy.ru/upload/iblock/85c/6563022_4.jpg?_cvc=1650080446
Rev&Roll EU881240 Машинка - Крэш;True;1579;;Главная - Каталог продукции - Игровые наборы - Любимые герои - Rev&Roll EU881240 Машинка - Крэш;Ростов-на-Дону;https://www.toy.ru/catalog/lyubimye_geroi_figures/rev_roll_eu881240_mashinka_kresh/;https://cdn.toy.ru/upload/iblock/2b0/91_600.jpg?_cvc=1650080446, https://cdn.toy.ru/upload/iblock/ef2/855945_main.jpg?_cvc=1650080446
Welly 43775 Велли Модель машины 1:34-39 Lamborghini Urus;True;459;;Главная - Каталог продукции - Транспорт - Коллекционные машинки - Коллекционные машинки - Welly 43775 Велли Модель машины 1:34-39 Lamborghini Urus;Ростов-на-Дону;https://www.toy.ru/catalog/modeli_mashin/welly_43775_velli_model_mashiny_1_34_39_lamborghini_urus/;https://cdn.toy.ru/upload/iblock/8a3/43775.jpg?_cvc=1650080446
Childs Play LVY022 Пожарная машина;True;3449;;Главная - Каталог продукции - Транспорт - Спецтехника  - Childs Play LVY022 Пожарная машина;Ростов-на-Дону;https://www.toy.ru/catalog/toys-spetstekhnika/childs_play_lvy022_pozharnaya_mashina/;https://cdn.toy.ru/upload/iblock/a32/3.jpg?_cvc=1650080446, https://cdn.toy.ru/upload/iblock/02b/1.jpg?_cvc=1650080446, https://cdn.toy.ru/upload/iblock/86e/2.jpg?_cvc=1650080446, https://cdn.toy.ru/upload/iblock/f23/4.jpg?_cvc=1650080446, https://cdn.toy.ru/upload/iblock/684/5.jpg?_cvc=1650080446, https://cdn.toy.ru/upload/iblock/87b/7.jpg?_cvc=1650080446
Welly 42387A Велли Модель машины 1:34-39 ГАЗель пассажирская;True;579;;Главная - Каталог продукции - Транспорт - Коллекционные машинки - Модели российских автомобилей - Welly 42387A Велли Модель машины 1:34-39 ГАЗель пассажирская;Ростов-на-Дону;https://www.toy.ru/catalog/modeli_otechestvennykh_mashin/welly_42387a_velli_model_mashiny_1_34_39_gazel_passazhirskaya/;https://cdn.toy.ru/upload/iblock/c64/8d30377d_e5b0_11df_9723_00210091c2bb.jpeg?_cvc=1650080446
Mattel Hot Wheels GWN97 Хот Вилс Коллекционные машинки в мотивационном наборе;True;2599;;Главная - Каталог продукции - Транспорт - Коллекционные машинки - Коллекционные машинки - Mattel Hot Wheels GWN97 Хот Вилс Коллекционные машинки в мотивационном наборе;Ростов-на-Дону;https://www.toy.ru/catalog/modeli_mashin/mattel_hot_wheels_gwn97_khot_vils_kollektsionnye_mashinki_v_motivatsionnom_nabore/;https://cdn.toy.ru/upload/iblock/c91/1.jpg?_cvc=1650080446, https://cdn.toy.ru/upload/iblock/d89/2.jpg?_cvc=1650080446, https://cdn.toy.ru/upload/iblock/45b/3.jpg?_cvc=1650080446, https://cdn.toy.ru/upload/iblock/42d/4.jpg?_cvc=1650080446, https://cdn.toy.ru/upload/iblock/17b/5.jpg?_cvc=1650080446, https://cdn.toy.ru/upload/iblock/e7e/6.jpg?_cvc=1650080446
Welly 99930C Велли Модель автобуса 1:60-64 London Bus открытый;True;439;539;Главная - Каталог продукции - Транспорт - Коллекционные машинки - Коллекционные машинки - Welly 99930C Велли Модель автобуса 1:60-64 London Bus открытый;Ростов-на-Дону;https://www.toy.ru/catalog/modeli_mashin/welly_99930c_velli_model_avtobusa_1_60_64_london_bus_otkrytyy/;https://cdn.toy.ru/upload/iblock/3b2/cqjo61aw8aixfbf.gif?_cvc=1650080446, https://cdn.toy.ru/upload/iblock/40b/image_34660.gif?_cvc=1650080446
Welly 43711 Велли Модель винтажной машины 1:34-39 Oldsmobile 442 1968;True;389;;Главная - Каталог продукции - Транспорт - Коллекционные машинки - Коллекционные машинки - Welly 43711 Велли Модель винтажной машины 1:34-39 Oldsmobile 442 1968;Ростов-на-Дону;https://www.toy.ru/catalog/modeli_mashin/welly_43711_velli_model_vintazhnoy_mashiny_1_34_39_oldsmobile_442_1968/;https://cdn.toy.ru/upload/iblock/133/43711.jpg?_cvc=1650080446
Welly 12856P Велли Модель мотоцикла 1:18 YAMAHA YZF-R6;True;759;;Главная - Каталог продукции - Транспорт - Коллекционные машинки - Модели мотоциклов - Welly 12856P Велли Модель мотоцикла 1:18 YAMAHA YZF-R6;Ростов-на-Дону;https://www.toy.ru/catalog/modeli_mototsiklov/welly_12856p_velli_model_mototsikla_1_18_yamaha_yzf_r6/;https://cdn.toy.ru/upload/iblock/57a/12856p.jpg?_cvc=1650080446
Welly 43645RY Велли модель машины 1:34-39 LADA PRIORA RALLY;True;459;;Главная - Каталог продукции - Транспорт - Коллекционные машинки - Коллекционные машинки - Welly 43645RY Велли модель машины 1:34-39 LADA PRIORA RALLY;Ростов-на-Дону;https://www.toy.ru/catalog/modeli_mashin/welly_43645ry_velli_model_mashiny_1_34_39_lada_priora_rally/;https://cdn.toy.ru/upload/iblock/98f/ad4032d2_4ae2_11e4_8e22_00155d09850f.jpeg?_cvc=1650080446
Welly 43630 Велли Модель машины 1:34-39 Toyota Land Cruiser Prado;True;439;;Главная - Каталог продукции - Транспорт - Коллекционные машинки - Коллекционные машинки - Welly 43630 Велли Модель машины 1:34-39 Toyota Land Cruiser Prado;Ростов-на-Дону;https://www.toy.ru/catalog/modeli_mashin/welly_43630_velli_model_mashiny_1_34_39_toyota_land_cruiser_prado/;https://cdn.toy.ru/upload/iblock/da6/i-_12_.jpg?_cvc=1650080446, https://cdn.toy.ru/upload/iblock/44a/i_11_.gif?_cvc=1650080446
Welly 43788 Велли Модель машины 1:34-39 JEEP GLADIATOR;True;439;;Главная - Каталог продукции - Транспорт - Коллекционные машинки - Коллекционные машинки - Welly 43788 Велли Модель машины 1:34-39 JEEP GLADIATOR;Ростов-на-Дону;https://www.toy.ru/catalog/modeli_mashin/welly_43788_velli_model_mashiny_1_34_39_jeep_gladiator/;https://cdn.toy.ru/upload/iblock/62c/43788.jpg?_cvc=1650080446
Welly 12806P Велли Модель мотоцикла 1:18 Yamaha YZF-R1;True;599;;Главная - Каталог продукции - Транспорт - Коллекционные машинки - Модели мотоциклов - Welly 12806P Велли Модель мотоцикла 1:18 Yamaha YZF-R1;Ростов-на-Дону;https://www.toy.ru/catalog/modeli_mototsiklov/welly_12806p_velli_model_mototsikla_1_18_yamaha_yzf_r1_/;https://cdn.toy.ru/upload/iblock/8b2/be39a3e5_aa74_11e3_968d_002655824cb6.jpeg?_cvc=1650080446, https://cdn.toy.ru/upload/iblock/61f/12806p.jpg?_cvc=1650080446
Wincars YK-2207 Машинка с большими колёсами инерционная металлическая 11 см, (в ассортименте);True;419;519;Главная - Каталог продукции - Транспорт - Коллекционные машинки - Коллекционные машинки - Wincars YK-2207 Машинка с большими колёсами инерционная металлическая 11 см, (в ассортименте);Ростов-на-Дону;https://www.toy.ru/catalog/modeli_mashin/wincars_yk_2207_mashinka_s_bolshimi_kolyesami_inertsionnaya_metallicheskaya_11_sm_v_assortimente/;https://cdn.toy.ru/upload/iblock/66c/yk_2207.jpg?_cvc=1650080446, https://cdn.toy.ru/upload/iblock/322/yk_2207_3_blue.jpg?_cvc=1650080446, https://cdn.toy.ru/upload/iblock/996/yk_2207_3_green.jpg?_cvc=1650080446, https://cdn.toy.ru/upload/iblock/2c8/yk_2207_3_red.jpg?_cvc=1650080446, https://cdn.toy.ru/upload/iblock/445/yk_2207_3_yellow.jpg?_cvc=1650080446, https://cdn.toy.ru/upload/iblock/c34/yk_2207.jpg?_cvc=1650080446, https://cdn.toy.ru/upload/iblock/66e/yk_2207_1_blue.jpg?_cvc=1650080446, https://cdn.toy.ru/upload/iblock/6ac/yk_2207_1_green.jpg?_cvc=1650080446
Welly 43763FS Велли Модель машины 1:34-39 LADA VESTA SW CROSS Пожарная охрана;True;459;;Главная - Каталог продукции - Транспорт - Коллекционные машинки - Коллекционные машинки - Welly 43763FS Велли Модель машины 1:34-39 LADA VESTA SW CROSS Пожарная охрана;Ростов-на-Дону;https://www.toy.ru/catalog/modeli_mashin/welly_43763fs_velli_model_mashiny_1_34_39_lada_vesta_sw_cross_pozharnaya_okhrana/;https://cdn.toy.ru/upload/iblock/3eb/43763fs_3.png?_cvc=1650080446, https://cdn.toy.ru/upload/iblock/717/43763fs.png?_cvc=1650080446, https://cdn.toy.ru/upload/iblock/69f/43763fs_2.png?_cvc=1650080446
Welly 42380FC Велли Модель машины 1:34-39 УАЗ 31514 Лесная Охрана;True;579;;Главная - Каталог продукции - Транспорт - Коллекционные машинки - Модели российских автомобилей - Welly 42380FC Велли Модель машины 1:34-39 УАЗ 31514 Лесная Охрана;Ростов-на-Дону;https://www.toy.ru/catalog/modeli_otechestvennykh_mashin/welly_42380fc_velli_model_mashiny_1_34_39_uaz_31514_lesnaya_okhrana/;https://cdn.toy.ru/upload/iblock/20f/fef5ac48_cbcd_11e4_81f7_00155d093116.jpeg?_cvc=1650080446
Wincars YK-2220 Пожарная часть Разборная инерционная машина с цистерной и водомётом, звук, свет;True;1759;2189;Главная - Каталог продукции - Игровые наборы - Мини наборы - Wincars YK-2220 Пожарная часть Разборная инерционная машина с цистерной и водомётом, звук, свет;Ростов-на-Дону;https://www.toy.ru/catalog/mininabory/wincars_yk_2220_pozharnaya_chast_razbornaya_inertsionnaya_mashina_s_tsisternoy_i_vodomyetom_zvuk_sve/;https://cdn.toy.ru/upload/iblock/7b8/yk_2220_6.jpg?_cvc=1650080446, https://cdn.toy.ru/upload/iblock/53d/yk_2220_4.jpg?_cvc=1650080446, https://cdn.toy.ru/upload/iblock/d7b/yk_2220_3.jpg?_cvc=1650080446, https://cdn.toy.ru/upload/iblock/49c/yk_2220_5.jpg?_cvc=1650080446, https://cdn.toy.ru/upload/iblock/7ee/yk_2220.jpg?_cvc=1650080446, https://cdn.toy.ru/upload/iblock/7ca/yk_2220_2.jpg?_cvc=1650080446
Welly 42384TI Велли Модель машины 1:34-39 Волга ТАКСИ;True;579;;Главная - Каталог продукции - Транспорт - Коллекционные машинки - Модели российских автомобилей - Welly 42384TI Велли Модель машины 1:34-39 Волга ТАКСИ;Ростов-на-Дону;https://www.toy.ru/catalog/modeli_otechestvennykh_mashin/welly_42384ti_velli_model_mashiny_1_34_39_volga_taksi/;https://cdn.toy.ru/upload/iblock/712/8d30377b_e5b0_11df_9723_00210091c2bb.jpeg?_cvc=1650080446, https://cdn.toy.ru/upload/iblock/b5a/42384ti.jpg?_cvc=1650080446
Welly 12819P Велли Модель мотоцикла 1:18 HONDA CBR1000RR;True;649;;Главная - Каталог продукции - Транспорт - Коллекционные машинки - Модели мотоциклов - Welly 12819P Велли Модель мотоцикла 1:18 HONDA CBR1000RR;Ростов-на-Дону;https://www.toy.ru/catalog/modeli_mototsiklov/welly_12819p_velli_model_mototsikla_1_18_honda_cbr1000rr/;https://cdn.toy.ru/upload/iblock/0f1/65e8e6aa_c118_11e5_a753_00155d093116.jpeg?_cvc=1650080446, https://cdn.toy.ru/upload/iblock/225/65e8e6aa_c118_11e5_a753_00155d09311612819p_2.jpeg?_cvc=1650080446, https://cdn.toy.ru/upload/iblock/021/12819p.jpg?_cvc=1650080446
Wincars YK-2206 Автобус с большими колёсами инерционный металл.10 см (в ассортименте);True;639;;Главная - Каталог продукции - Транспорт - Коллекционные машинки - Коллекционные машинки - Wincars YK-2206 Автобус с большими колёсами инерционный металл.10 см (в ассортименте);Ростов-на-Дону;https://www.toy.ru/catalog/modeli_mashin/wincars_yk_2206_avtobus_s_bolshimi_kolyesami_inertsionnyy_metall_10_sm_v_assortimente/;https://cdn.toy.ru/upload/iblock/65f/yk_2206.jpg?_cvc=1650080446, https://cdn.toy.ru/upload/iblock/101/yk_2206_3_blue.jpg?_cvc=1650080446, https://cdn.toy.ru/upload/iblock/9dd/yk_2206_3_green.jpg?_cvc=1650080446, https://cdn.toy.ru/upload/iblock/579/yk_2206_3_red.jpg?_cvc=1650080446, https://cdn.toy.ru/upload/iblock/80d/yk_2206_3_yellow.jpg?_cvc=1650080446, https://cdn.toy.ru/upload/iblock/817/yk_2206_1_blue.jpg?_cvc=1650080446, https://cdn.toy.ru/upload/iblock/3d3/yk_2206_1_yellow.jpg?_cvc=1650080446, https://cdn.toy.ru/upload/iblock/243/yk_2206.jpg?_cvc=1650080446
Wincars YK-2215 Большая стройка Разборная инерционная машина Экскаватор, звук, свет;True;1289;1609;Главная - Каталог продукции - Игровые наборы - Мини наборы - Wincars YK-2215 Большая стройка Разборная инерционная машина Экскаватор, звук, свет;Ростов-на-Дону;https://www.toy.ru/catalog/mininabory/wincars_yk_2215_bolshaya_stroyka_razbornaya_inertsionnaya_mashina_ekskavator_zvuk_svet/;https://cdn.toy.ru/upload/iblock/aea/yk_2215_6.jpg?_cvc=1650080446, https://cdn.toy.ru/upload/iblock/50c/yk_2215_4.jpg?_cvc=1650080446, https://cdn.toy.ru/upload/iblock/421/yk_2215_3.jpg?_cvc=1650080446, https://cdn.toy.ru/upload/iblock/2da/yk_2215_5.jpg?_cvc=1650080446, https://cdn.toy.ru/upload/iblock/aac/yk_2215.jpg?_cvc=1650080446, https://cdn.toy.ru/upload/iblock/5a4/yk_2215_2.jpg?_cvc=1650080446
Welly 42371 Велли Модель машины 1:34-39 Jeep Wrangler Rubicon;True;449;;Главная - Каталог продукции - Транспорт - Коллекционные машинки - Коллекционные машинки - Welly 42371 Велли Модель машины 1:34-39 Jeep Wrangler Rubicon;Ростов-на-Дону;https://www.toy.ru/catalog/modeli_mashin/welly_42371_velli_model_mashiny_1_34_39_jeep_wrangler_rubicon/;https://cdn.toy.ru/upload/iblock/db9/42371.jpg?_cvc=1650080446, https://cdn.toy.ru/upload/iblock/0b9/42371c_w.jpg?_cvc=1650080446
Rev&Roll EU881250 Машинка - Типпер;True;1579;;Главная - Каталог продукции - Игровые наборы - Любимые герои - Rev&Roll EU881250 Машинка - Типпер;Ростов-на-Дону;https://www.toy.ru/catalog/lyubimye_geroi_figures/rev_roll_eu881250_mashinka_tipper/;https://cdn.toy.ru/upload/iblock/81a/93_600.jpg?_cvc=1650080446, https://cdn.toy.ru/upload/iblock/4c3/855998_main.jpg?_cvc=1650080446
Welly 12810P Велли Модель мотоцикла BMW S1000RR;True;529;;Главная - Каталог продукции - Транспорт - Коллекционные машинки - Модели мотоциклов - Welly 12810P Велли Модель мотоцикла BMW S1000RR;Ростов-на-Дону;https://www.toy.ru/catalog/modeli_mototsiklov/welly_12810p_velli_model_mototsikla_bmw_s1000rr/;https://cdn.toy.ru/upload/iblock/478/12810p.jpg?_cvc=1650080446
Welly 43701 модель машины 1:34-39 Ford F-150;True;509;;Главная - Каталог продукции - Транспорт - Коллекционные машинки - Коллекционные машинки - Welly 43701 модель машины 1:34-39 Ford F-150;Ростов-на-Дону;https://www.toy.ru/catalog/modeli_mashin/welly_43701_model_mashiny_1_34_39_ford_f_150/;https://cdn.toy.ru/upload/iblock/a5b/71408884_d62e_11e5_9621_00155d093116.jpeg?_cvc=1650080446, https://cdn.toy.ru/upload/iblock/6b8/43701.jpg?_cvc=1650080446
Rev&Roll EU881230 Машинка - Сприцер;True;1579;;Главная - Каталог продукции - Игровые наборы - Любимые герои - Rev&Roll EU881230 Машинка - Сприцер;Ростов-на-Дону;https://www.toy.ru/catalog/lyubimye_geroi_figures/rev_roll_eu881230_mashinka_spritser/;https://cdn.toy.ru/upload/iblock/4e3/92_600.jpg?_cvc=1650080446, https://cdn.toy.ru/upload/iblock/ed0/855971_main.jpg?_cvc=1650080446
Welly 43779 Велли Модель машины 1:34-39 BMW 507;True;519;;Главная - Каталог продукции - Транспорт - Коллекционные машинки - Коллекционные машинки - Welly 43779 Велли Модель машины 1:34-39 BMW 507;Ростов-на-Дону;https://www.toy.ru/catalog/modeli_mashin/welly_43779_velli_model_mashiny_1_34_39_bmw_507/;https://cdn.toy.ru/upload/iblock/c77/43779.jpg?_cvc=1650080446
Welly 99930 Велли Модель автобуса 1:60-64 London Bus;True;539;;Главная - Каталог продукции - Транспорт - Коллекционные машинки - Коллекционные машинки - Welly 99930 Велли Модель автобуса 1:60-64 London Bus;Ростов-на-Дону;https://www.toy.ru/catalog/modeli_mashin/welly_99930_velli_model_avtobusa_1_60_64_london_bus/;https://cdn.toy.ru/upload/iblock/6a6/welly_99930_1.jpg?_cvc=1650080446, https://cdn.toy.ru/upload/iblock/3fa/b1cc13b71.jpg?_cvc=1650080446
Welly 42380 Велли Модель машины 1:34-39 УАЗ 31514;True;579;;Главная - Каталог продукции - Транспорт - Коллекционные машинки - Модели российских автомобилей - Welly 42380 Велли Модель машины 1:34-39 УАЗ 31514;Ростов-на-Дону;https://www.toy.ru/catalog/modeli_otechestvennykh_mashin/welly_42380_velli_model_mashiny_1_34_39_uaz_31514/;https://cdn.toy.ru/upload/iblock/349/c9dd6e.jpg?_cvc=1650080446
Childs Play LVY025 Фермерский трактор;True;2299;;Главная - Каталог продукции - Транспорт - Спецтехника  - Childs Play LVY025 Фермерский трактор;Ростов-на-Дону;https://www.toy.ru/catalog/toys-spetstekhnika/childs_play_lvy025_fermerskiy_traktor/;https://cdn.toy.ru/upload/iblock/515/3.jpg?_cvc=1650080446, https://cdn.toy.ru/upload/iblock/411/4.jpg?_cvc=1650080446, https://cdn.toy.ru/upload/iblock/ad5/5.jpg?_cvc=1650080446, https://cdn.toy.ru/upload/iblock/1b6/1.jpg?_cvc=1650080446, https://cdn.toy.ru/upload/iblock/6e3/2.jpg?_cvc=1650080446
Welly 12845P Велли модель мотоцикла Kawasaki Ninja ZX-10RR;True;579;;Главная - Каталог продукции - Транспорт - Коллекционные машинки - Модели мотоциклов - Welly 12845P Велли модель мотоцикла Kawasaki Ninja ZX-10RR;Ростов-на-Дону;https://www.toy.ru/catalog/modeli_mototsiklov/welly_12845p_velli_model_mototsikla_kawasaki_ninja_zx_10rr/;https://cdn.toy.ru/upload/iblock/c27/12845p.jpg?_cvc=1650080446
Welly 43727RY Велли Модель машины 1:34-39 LADA Vesta "Спорт";True;389;;Главная - Каталог продукции - Транспорт - Коллекционные машинки - Модели российских автомобилей - Welly 43727RY Велли Модель машины 1:34-39 LADA Vesta "Спорт";Ростов-на-Дону;https://www.toy.ru/catalog/modeli_otechestvennykh_mashin/welly_43727ry_velli_model_mashiny_1_34_39_lada_vesta_sport/;https://cdn.toy.ru/upload/iblock/dc7/43727ry.jpg?_cvc=1650080446
Welly 24042 Велли Модель машины 1:24 Chevrolet Camaro;True;1809;;Главная - Каталог продукции - Распродажа игрушек для детей  - TOY.RU рекомендует - Welly 24042 Велли Модель машины 1:24 Chevrolet Camaro;Ростов-на-Дону;https://www.toy.ru/catalog/toyru_rekomenduet/welly_24042_velli_model_mashiny_1_24_chevrolet_camaro_/;https://cdn.toy.ru/upload/iblock/82c/4ccbb42a_6b08_11e4_aae7_00155d09850f.jpeg?_cvc=1650080446, https://cdn.toy.ru/upload/iblock/e01/camaro_zl1.jpg?_cvc=1650080446, https://cdn.toy.ru/upload/iblock/084/4ccbb42a_6b08_11e4_aae7_00155d09850f24042_2.jpeg?_cvc=1650080446
Rev&Roll EU881220 Машинка - Элли;True;1579;;Главная - Каталог продукции - Игровые наборы - Любимые герои - Rev&Roll EU881220 Машинка - Элли;Ростов-на-Дону;https://www.toy.ru/catalog/lyubimye_geroi_figures/rev_roll_eu881220_mashinka_alley/;https://cdn.toy.ru/upload/iblock/b3f/89_600.jpg?_cvc=1650080446, https://cdn.toy.ru/upload/iblock/6b1/855930_main.jpg?_cvc=1650080446
Welly 12857P Велли Модель мотоцикла 1:18 HONDA GOLD WING;True;759;;Главная - Каталог продукции - Транспорт - Коллекционные машинки - Модели мотоциклов - Welly 12857P Велли Модель мотоцикла 1:18 HONDA GOLD WING;Ростов-на-Дону;https://www.toy.ru/catalog/modeli_mototsiklov/welly_12857p_velli_model_mototsikla_1_18_honda_gold_wing/;https://cdn.toy.ru/upload/iblock/302/12857p.jpg?_cvc=1650080446
Rev&Roll EU881051 Фигурка+машинка (метал) - Лори и Типпер;True;489;1289;Главная - Каталог продукции - Игровые наборы - Фигурки - Rev&Roll EU881051 Фигурка+машинка (метал) - Лори и Типпер;Ростов-на-Дону;https://www.toy.ru/catalog/toys-figurki/rev_roll_eu881051_figruka_mashinka_metal_lori_i_tipper/;https://cdn.toy.ru/upload/iblock/376/80_600.jpg?_cvc=1650080446, https://cdn.toy.ru/upload/iblock/8b5/855803_main.jpg?_cvc=1650080446
Welly 42387CCN Велли Модель машины 1:34-39 ГАЗель ИНКАССАЦИЯ;True;579;;Главная - Каталог продукции - Транспорт - Коллекционные машинки - Модели российских автомобилей - Welly 42387CCN Велли Модель машины 1:34-39 ГАЗель ИНКАССАЦИЯ;Ростов-на-Дону;https://www.toy.ru/catalog/modeli_otechestvennykh_mashin/welly_42387ccn_velli_model_mashiny_1_34_39_gazel_inkassatsiya/;https://cdn.toy.ru/upload/iblock/722/8d30378d_e5b0_11df_9723_00210091c2bb.jpeg?_cvc=1650080446, https://cdn.toy.ru/upload/iblock/ffb/42387ccn.jpg?_cvc=1650080446
Welly 43710 Велли Модель машины 1:34-39 Kia Sorento;True;579;;Главная - Каталог продукции - Транспорт - Коллекционные машинки - Коллекционные машинки - Welly 43710 Велли Модель машины 1:34-39 Kia Sorento;Ростов-на-Дону;https://www.toy.ru/catalog/modeli_mashin/welly_43710_velli_model_mashiny_1_34_39_kia_sorento/;https://cdn.toy.ru/upload/iblock/9b8/43710.jpg?_cvc=1650080446
Welly 43725 Велли Модель машины 1:34-39 Honda NSX;True;579;;Главная - Каталог продукции - Транспорт - Коллекционные машинки - Коллекционные машинки - Welly 43725 Велли Модель машины 1:34-39 Honda NSX;Ростов-на-Дону;https://www.toy.ru/catalog/modeli_mashin/welly_43725_velli_model_mashiny_1_34_39_honda_nsx/;https://cdn.toy.ru/upload/iblock/641/43725.jpg?_cvc=1650080446
Rev&Roll EU881720 Фигурка+машинка (пластик) - Авери и Аллей;True;2099;;Главная - Каталог продукции - Игровые наборы - Любимые герои - Rev&Roll EU881720 Фигурка+машинка (пластик) - Авери и Аллей;Ростов-на-Дону;https://www.toy.ru/catalog/lyubimye_geroi_figures/rev_roll_eu881720_figruka_mashinka_plastik_averi_i_alley/;https://cdn.toy.ru/upload/iblock/041/6563023_0.jpg?_cvc=1650080446, https://cdn.toy.ru/upload/iblock/705/6563023_1.jpg?_cvc=1650080446, https://cdn.toy.ru/upload/iblock/f0b/6563023_2.jpg?_cvc=1650080446, https://cdn.toy.ru/upload/iblock/dcd/6563023_3.jpg?_cvc=1650080446, https://cdn.toy.ru/upload/iblock/f97/6563023_4.jpg?_cvc=1650080446, https://cdn.toy.ru/upload/iblock/5d6/6563023_5.jpg?_cvc=1650080446
Welly 43781 Велли Модель машины 1:34-39 Porsche 911 Carrera 4S;True;459;;Главная - Каталог продукции - Транспорт - Коллекционные машинки - Коллекционные машинки - Welly 43781 Велли Модель машины 1:34-39 Porsche 911 Carrera 4S;Ростов-на-Дону;https://www.toy.ru/catalog/modeli_mashin/welly_43781_velli_model_mashiny_1_34_39_porsche_911_carrera_4s/;https://cdn.toy.ru/upload/iblock/913/43781.jpg?_cvc=1650080446
Welly 42386PB Велли Модель машины 1:34-39 LADA 4x4 МИЛИЦИЯ ДПС;True;579;;Главная - Каталог продукции - Транспорт - Коллекционные машинки - Модели российских автомобилей - Welly 42386PB Велли Модель машины 1:34-39 LADA 4x4 МИЛИЦИЯ ДПС;Ростов-на-Дону;https://www.toy.ru/catalog/modeli_otechestvennykh_mashin/welly_42386pb_velli_model_mashiny_1_34_39_lada_4x4_militsiya_dps/;https://cdn.toy.ru/upload/iblock/d46/8d303761_e5b0_11df_9723_00210091c2bb.jpg?_cvc=1650080446
Welly 42387AAP Велли Модель машины 1:34-39 ГАЗель АЭРОПОРТ;True;539;;Главная - Каталог продукции - Транспорт - Коллекционные машинки - Модели российских автомобилей - Welly 42387AAP Велли Модель машины 1:34-39 ГАЗель АЭРОПОРТ;Ростов-на-Дону;https://www.toy.ru/catalog/modeli_otechestvennykh_mashin/welly_42387aap_velli_model_mashiny_1_34_39_gazel_aeroport/;https://cdn.toy.ru/upload/iblock/1c1/8d30377f_e5b0_11df_9723_00210091c2bb.jpeg?_cvc=1650080446
Welly 99199 Велли Военный автомобиль с пулемётом;True;379;;Главная - Каталог продукции - Транспорт - Коллекционные машинки - Коллекционные машинки - Welly 99199 Велли Военный автомобиль с пулемётом;Ростов-на-Дону;https://www.toy.ru/catalog/modeli_mashin/welly_99199_velli_voennyy_avtomobil_s_pulemyetom/;https://cdn.toy.ru/upload/iblock/6c3/99199.jpg?_cvc=1650080446, https://cdn.toy.ru/upload/iblock/8e5/99199_1.jpg?_cvc=1650080446
Welly 43727 Велли Модель машины 1:34-39 LADA Vesta;True;389;;Главная - Каталог продукции - Транспорт - Коллекционные машинки - Модели российских автомобилей - Welly 43727 Велли Модель машины 1:34-39 LADA Vesta;Ростов-на-Дону;https://www.toy.ru/catalog/modeli_otechestvennykh_mashin/welly_43727_velli_model_mashiny_1_34_39_lada_vesta/;https://cdn.toy.ru/upload/iblock/031/43727.jpg?_cvc=1650080446
Welly 43773 Велли Модель машины 1:34-39 Porsche Cayenne Turbo, 1:38;True;419;;Главная - Каталог продукции - Транспорт - Коллекционные машинки - Коллекционные машинки - Welly 43773 Велли Модель машины 1:34-39 Porsche Cayenne Turbo, 1:38;Ростов-на-Дону;https://www.toy.ru/catalog/modeli_mashin/welly_43773_velli_model_mashiny_1_34_39_porsche_cayenne_turbo_1_38/;https://cdn.toy.ru/upload/iblock/7ac/43773.jpg?_cvc=1650080446, https://cdn.toy.ru/upload/iblock/73c/43773_1.jpg?_cvc=1650080446
Welly 99633 Велли Модель машины Автокран;True;799;;Главная - Каталог продукции - Транспорт - Спецтехника  - Welly 99633 Велли Модель машины Автокран;Ростов-на-Дону;https://www.toy.ru/catalog/toys-spetstekhnika/welly_99633_velli_model_mashiny_avtokran/;https://cdn.toy.ru/upload/iblock/763/99633.jpg?_cvc=1650080446, https://cdn.toy.ru/upload/iblock/ac1/99633_3.jpg?_cvc=1650080446, https://cdn.toy.ru/upload/iblock/d22/99633_1.jpg?_cvc=1650080446, https://cdn.toy.ru/upload/iblock/fa9/99633_2.jpg?_cvc=1650080446, https://cdn.toy.ru/upload/iblock/c3a/99633_4.jpg?_cvc=1650080446
Welly 42387APB Велли Модель машины 1:34-39 ГАЗель МИЛИЦИЯ ДПС;True;579;;Главная - Каталог продукции - Транспорт - Коллекционные машинки - Модели российских автомобилей - Welly 42387APB Велли Модель машины 1:34-39 ГАЗель МИЛИЦИЯ ДПС;Ростов-на-Дону;https://www.toy.ru/catalog/modeli_otechestvennykh_mashin/welly_42387apb_velli_model_mashiny_1_34_39_gazel_militsiya_dps/;https://cdn.toy.ru/upload/iblock/44f/8d303783_e5b0_11df_9723_00210091c2bb.jpeg?_cvc=1650080446
Welly 43742P Велли Модель машины 1:38 Dodge Charger Police;True;579;;Главная - Каталог продукции - Транспорт - Коллекционные машинки - Коллекционные машинки - Welly 43742P Велли Модель машины 1:38 Dodge Charger Police;Ростов-на-Дону;https://www.toy.ru/catalog/modeli_mashin/welly_43742p_velli_model_mashiny_1_38_dodge_charger_police/;https://cdn.toy.ru/upload/iblock/977/6985.jpg?_cvc=1650080446
MicroMachines MMW0034 Игрушка "Стройка";True;2299;;Главная - Каталог продукции - Игровые наборы - Мини наборы - MicroMachines MMW0034 Игрушка "Стройка";Ростов-на-Дону;https://www.toy.ru/catalog/mininabory/micromachines_mmw0034_igrushka_stroyka/;https://cdn.toy.ru/upload/iblock/54a/3.jpg?_cvc=1650080446, https://cdn.toy.ru/upload/iblock/df8/1.jpg?_cvc=1650080446, https://cdn.toy.ru/upload/iblock/f04/2.jpg?_cvc=1650080446, https://cdn.toy.ru/upload/iblock/fc1/4.jpg?_cvc=1650080446
Hasbro Play-Doh E9226 WHEELS Погрузчик;True;2339;3109;Главная - Каталог продукции - Развивающие игры и хобби - Пластилин  - Hasbro Play-Doh E9226 WHEELS Погрузчик;Ростов-на-Дону;https://www.toy.ru/catalog/plastilin_play_doh/hasbro_play_doh_e9226_wheels_pogruzchik/;https://cdn.toy.ru/upload/iblock/17f/3.jpg?_cvc=1650080446, https://cdn.toy.ru/upload/iblock/912/4.jpg?_cvc=1650080446
Welly 42380MC Велли Модель машины 1:34-39 УАЗ 31514 Военная Автоинспекция;True;519;;Главная - Каталог продукции - Транспорт - Коллекционные машинки - Модели российских автомобилей - Welly 42380MC Велли Модель машины 1:34-39 УАЗ 31514 Военная Автоинспекция;Ростов-на-Дону;https://www.toy.ru/catalog/modeli_otechestvennykh_mashin/welly_42380mc_velli_model_mashiny_1_34_39_uaz_31514_voennaya_avtoinspektsiya/;https://cdn.toy.ru/upload/iblock/b6c/3a29f12a_cbce_11e4_81f7_00155d093116.jpeg?_cvc=1650080446
Welly 43739 Модель машины 1:38 Maserati Levante;True;579;;Главная - Каталог продукции - Транспорт - Коллекционные машинки - Коллекционные машинки - Welly 43739 Модель машины 1:38 Maserati Levante;Ростов-на-Дону;https://www.toy.ru/catalog/modeli_mashin/welly_43739_model_mashiny_1_38_maserati_levante/;https://cdn.toy.ru/upload/iblock/404/655.jpg?_cvc=1650080446
Welly 43657TI модель машины 1:34-39 LADA Granta ТАКСИ;True;419;;Главная - Каталог продукции - Транспорт - Коллекционные машинки - Модели российских автомобилей - Welly 43657TI модель машины 1:34-39 LADA Granta ТАКСИ;Ростов-на-Дону;https://www.toy.ru/catalog/modeli_otechestvennykh_mashin/welly_43657ti_model_mashiny_1_34_39_lada_granta_taksi/;https://cdn.toy.ru/upload/iblock/cf2/gl000224738_001.jpg?_cvc=1650080446, https://cdn.toy.ru/upload/iblock/d31/gl000224738_003.jpg?_cvc=1650080446
Welly 43644FS Велли модель машины 1:34-39 LADA 2107 ПОЖАРНАЯ ОХРАНА;True;579;;Главная - Каталог продукции - Транспорт - Коллекционные машинки - Коллекционные машинки - Welly 43644FS Велли модель машины 1:34-39 LADA 2107 ПОЖАРНАЯ ОХРАНА;Ростов-на-Дону;https://www.toy.ru/catalog/modeli_mashin/welly_43644fs_velli_model_mashiny_1_34_39_lada_2107_pozharnaya_okhrana/;https://cdn.toy.ru/upload/iblock/fe0/detimag_igra_43644fs_1.jpg?_cvc=1650080446, https://cdn.toy.ru/upload/iblock/b91/58ed2812e6530.jpg?_cvc=1650080446, https://cdn.toy.ru/upload/iblock/1a5/at11464_02.jpg?_cvc=1650080446
Welly 42397 Велли Модель машины 1:34-39 Porsche 911 GT3 RS;True;439;;Главная - Каталог продукции - Транспорт - Коллекционные машинки - Коллекционные машинки - Welly 42397 Велли Модель машины 1:34-39 Porsche 911 GT3 RS;Ростов-на-Дону;https://www.toy.ru/catalog/modeli_mashin/welly_42397_velli_model_mashiny_1_34_39_porsche_gt3_rs/;https://cdn.toy.ru/upload/iblock/15b/6b0436b2_fbd3_11e0_a1a4_002655824cb6.jpeg?_cvc=1650080446, https://cdn.toy.ru/upload/iblock/33f/42397.jpg?_cvc=1650080446, https://cdn.toy.ru/upload/iblock/42c/42397_1.jpg?_cvc=1650080446
Childs Play LVY024 Машина Грузовичок;True;1839;;Главная - Каталог продукции - Транспорт - Спецтехника  - Childs Play LVY024 Машина Грузовичок;Ростов-на-Дону;https://www.toy.ru/catalog/toys-spetstekhnika/childs_play_lvy024_mashina_gruzovichok/;https://cdn.toy.ru/upload/iblock/983/10.jpg?_cvc=1650080446, https://cdn.toy.ru/upload/iblock/6af/11.jpg?_cvc=1650080446, https://cdn.toy.ru/upload/iblock/d0c/12.jpg?_cvc=1650080446, https://cdn.toy.ru/upload/iblock/461/13.jpg?_cvc=1650080446, https://cdn.toy.ru/upload/iblock/adb/8.jpg?_cvc=1650080446, https://cdn.toy.ru/upload/iblock/ee1/9.jpg?_cvc=1650080446
Wincars YK-2202 Ретромодель с большими колёсами инерционная металлическая 13 см, (в ассортименте);True;899;;Главная - Каталог продукции - Транспорт - Коллекционные машинки - Коллекционные машинки - Wincars YK-2202 Ретромодель с большими колёсами инерционная металлическая 13 см, (в ассортименте);Ростов-на-Дону;https://www.toy.ru/catalog/modeli_mashin/wincars_yk_2202_retromodel_s_bolshimi_kolyesami_inertsionnaya_metallicheskaya_13_sm_v_assortimente/;https://cdn.toy.ru/upload/iblock/738/yk_2202.jpg?_cvc=1650080446, https://cdn.toy.ru/upload/iblock/0f5/yk_2202_3.jpg?_cvc=1650080446, https://cdn.toy.ru/upload/iblock/bda/yk_2202_1.jpg?_cvc=1650080446, https://cdn.toy.ru/upload/iblock/363/yk_2202_2.jpg?_cvc=1650080446, https://cdn.toy.ru/upload/iblock/545/yk_2202.jpg?_cvc=1650080446
Welly 43727FS Велли Модель машины 1:34-39 LADA Vesta "Пожарная охрана";True;389;;Главная - Каталог продукции - Транспорт - Коллекционные машинки - Модели российских автомобилей - Welly 43727FS Велли Модель машины 1:34-39 LADA Vesta "Пожарная охрана";Ростов-на-Дону;https://www.toy.ru/catalog/modeli_otechestvennykh_mashin/welly_43727fs_velli_model_mashiny_1_34_39_lada_vesta_pozharnaya_okhrana/;https://cdn.toy.ru/upload/iblock/b0b/43727fs.jpg?_cvc=1650080446
Welly 12852P Велли Модель мотоцикла 1:18 Honda CB1000R;True;579;;Главная - Каталог продукции - Транспорт - Коллекционные машинки - Модели мотоциклов - Welly 12852P Велли Модель мотоцикла 1:18 Honda CB1000R;Ростов-на-Дону;https://www.toy.ru/catalog/modeli_mototsiklov/welly_12852p_velli_model_mototsikla_1_18_honda_cb1000r/;https://cdn.toy.ru/upload/iblock/066/12852p.jpg?_cvc=1650080446, https://cdn.toy.ru/upload/iblock/105/12852p-_2_.jpg?_cvc=1650080446
Welly 24060 Велли Модель машины 1:24 Jaguar F-Type;True;1729;;Главная - Каталог продукции - Транспорт - Коллекционные машинки - Коллекционные машинки - Welly 24060 Велли Модель машины 1:24 Jaguar F-Type;Ростов-на-Дону;https://www.toy.ru/catalog/modeli_mashin/welly_24060_velli_model_mashiny_1_24_jaguar_f_type/;https://cdn.toy.ru/upload/iblock/90d/391203fe_d627_11e5_9621_00155d093116.jpeg?_cvc=1650080446, https://cdn.toy.ru/upload/iblock/a85/391203fe_d627_11e5_9621_00155d09311624060_2.jpeg?_cvc=1650080446, https://cdn.toy.ru/upload/iblock/70e/391203fe_d627_11e5_9621_00155d09311624060_3.jpeg?_cvc=1650080446
Welly 42380FS Велли Модель машины 1:34-39 УАЗ 31514 Пожарная Охрана;True;579;;Главная - Каталог продукции - Транспорт - Коллекционные машинки - Модели российских автомобилей - Welly 42380FS Велли Модель машины 1:34-39 УАЗ 31514 Пожарная Охрана;Ростов-на-Дону;https://www.toy.ru/catalog/modeli_otechestvennykh_mashin/welly_42380fs_velli_model_mashiny_1_34_39_uaz_31514_pozharnaya_okhrana/;https://cdn.toy.ru/upload/iblock/069/1963fe04_cbce_11e4_81f7_00155d093116.jpeg?_cvc=1650080446
Welly 42385PB Велли Модель машины 1:34-39 LADA 110 МИЛИЦИЯ ДПС;True;579;;Главная - Каталог продукции - Транспорт - Коллекционные машинки - Модели российских автомобилей - Welly 42385PB Велли Модель машины 1:34-39 LADA 110 МИЛИЦИЯ ДПС;Ростов-на-Дону;https://www.toy.ru/catalog/modeli_otechestvennykh_mashin/welly_42385pb_velli_model_mashiny_1_34_39_lada_110_militsiya_dps/;https://cdn.toy.ru/upload/iblock/e5d/8d30374b_e5b0_11df_9723_00210091c2bb.jpeg?_cvc=1650080446
Welly 99198 Велли Военный автомобиль с пулемётом;True;349;;Главная - Каталог продукции - Транспорт - Коллекционные машинки - Коллекционные машинки - Welly 99198 Велли Военный автомобиль с пулемётом;Ростов-на-Дону;https://www.toy.ru/catalog/modeli_mashin/welly_99198_velli_voennyy_avtomobil_s_pulemyetom/;https://cdn.toy.ru/upload/iblock/5c3/99198.jpg?_cvc=1650080446, https://cdn.toy.ru/upload/iblock/130/99198_1.jpg?_cvc=1650080446
Mattel Hot Wheels GYC81 Монстр трак Трюковой набор Воздушный поединок;True;1589;1979;Главная - Каталог продукции - Транспорт - Автотреки и машинки Hot Wheels - Mattel Hot Wheels GYC81 Монстр трак Трюковой набор Воздушный поединок;Ростов-на-Дону;https://www.toy.ru/catalog/toys-avtotreki/mattel_hot_wheels_gyc81_monstr_trak_tryukovoy_nabor_vozdushnyy_poedinok/;https://cdn.toy.ru/upload/iblock/20b/0.jpg?_cvc=1650080446, https://cdn.toy.ru/upload/iblock/a27/1.jpg?_cvc=1650080446, https://cdn.toy.ru/upload/iblock/62a/2.jpg?_cvc=1650080446, https://cdn.toy.ru/upload/iblock/ff5/3.jpg?_cvc=1650080446
Wincars YK-2224 Разборная инерционная машина Тягач с прицепом, звук, свет;True;2539;3169;Главная - Каталог продукции - Игровые наборы - Мини наборы - Wincars YK-2224 Разборная инерционная машина Тягач с прицепом, звук, свет;Ростов-на-Дону;https://www.toy.ru/catalog/mininabory/wincars_yk_2224_razbornaya_inertsionnaya_mashina_tyagach_s_pritsepom_zvuk_svet/;https://cdn.toy.ru/upload/iblock/ff6/yk_2224_6.jpg?_cvc=1650080446, https://cdn.toy.ru/upload/iblock/aa1/yk_2224_4.jpg?_cvc=1650080446, https://cdn.toy.ru/upload/iblock/e15/yk_2224_3.jpg?_cvc=1650080446, https://cdn.toy.ru/upload/iblock/3e6/yk_2224_5.jpg?_cvc=1650080446, https://cdn.toy.ru/upload/iblock/98a/yk_2224.jpg?_cvc=1650080446, https://cdn.toy.ru/upload/iblock/d6f/yk_2224_2.jpg?_cvc=1650080446
Wincars YK-2205 Машинка с большими колёсами инерционная металл. 13 см (в ассортименте);True;669;;Главная - Каталог продукции - Транспорт - Коллекционные машинки - Коллекционные машинки - Wincars YK-2205 Машинка с большими колёсами инерционная металл. 13 см (в ассортименте);Ростов-на-Дону;https://www.toy.ru/catalog/modeli_mashin/wincars_yk_2205_mashinka_s_bolshimi_kolyesami_inertsionnaya_metall_13_sm_v_assortimente/;https://cdn.toy.ru/upload/iblock/8fa/yk_2205.jpg?_cvc=1650080446, https://cdn.toy.ru/upload/iblock/9d8/yk_2205_3_blue.jpg?_cvc=1650080446, https://cdn.toy.ru/upload/iblock/203/yk_2205_3_green.jpg?_cvc=1650080446, https://cdn.toy.ru/upload/iblock/bb4/yk_2205_3_orange.jpg?_cvc=1650080446, https://cdn.toy.ru/upload/iblock/0c1/yk_2205_3_white.jpg?_cvc=1650080446, https://cdn.toy.ru/upload/iblock/5fb/yk_2205_1_blue.jpg?_cvc=1650080446, https://cdn.toy.ru/upload/iblock/c50/yk_2205_1_orange.jpg?_cvc=1650080446, https://cdn.toy.ru/upload/iblock/447/yk_2205.jpg?_cvc=1650080446
Welly 43756 Велли Модель машины 1:34-39 Pagani Huayara;True;459;;Главная - Каталог продукции - Транспорт - Коллекционные машинки - Коллекционные машинки - Welly 43756 Велли Модель машины 1:34-39 Pagani Huayara;Ростов-на-Дону;https://www.toy.ru/catalog/modeli_mashin/welly_43756_velli_model_mashiny_1_34_39_pagani_huayara/;https://cdn.toy.ru/upload/iblock/81c/43756_set_wm_190321.jpg?_cvc=1650080446
Welly 43742 Велли Модель машины 1:38 Dodge Charger;True;579;;Главная - Каталог продукции - Транспорт - Коллекционные машинки - Коллекционные машинки - Welly 43742 Велли Модель машины 1:38 Dodge Charger;Ростов-на-Дону;https://www.toy.ru/catalog/modeli_mashin/welly_43742_velli_model_mashiny_1_38_dodge_charger/;https://cdn.toy.ru/upload/iblock/6b6/698.jpg?_cvc=1650080446
Rev&Roll EU881710 Фигурка+машинка (пластик) - Рев и Рамбл;True;2099;;Главная - Каталог продукции - Игровые наборы - Любимые герои - Rev&Roll EU881710 Фигурка+машинка (пластик) - Рев и Рамбл;Ростов-на-Дону;https://www.toy.ru/catalog/lyubimye_geroi_figures/rev_roll_eu881710_figruka_mashinka_plastik_rev_i_rambl/;https://cdn.toy.ru/upload/iblock/abb/6563021_0.jpg?_cvc=1650080446, https://cdn.toy.ru/upload/iblock/c47/6563021_1.jpg?_cvc=1650080446, https://cdn.toy.ru/upload/iblock/cf3/6563021_2.jpg?_cvc=1650080446, https://cdn.toy.ru/upload/iblock/348/6563021_3.jpg?_cvc=1650080446, https://cdn.toy.ru/upload/iblock/a43/6563021_4.jpg?_cvc=1650080446
MicroMachines MMW0033 Игрушка "Пожарная станция";True;2299;;Главная - Каталог продукции - Игровые наборы - Мини наборы - MicroMachines MMW0033 Игрушка "Пожарная станция";Ростов-на-Дону;https://www.toy.ru/catalog/mininabory/micromachines_mmw0033_igrushka_pozharnaya_stantsiya/;https://cdn.toy.ru/upload/iblock/f3a/2.jpg?_cvc=1650080446, https://cdn.toy.ru/upload/iblock/6f8/1.jpg?_cvc=1650080446, https://cdn.toy.ru/upload/iblock/735/3.jpg?_cvc=1650080446, https://cdn.toy.ru/upload/iblock/263/4.jpg?_cvc=1650080446
Wincars YK-2201 Джип с большими колёсами инерционный металлический 14 см, (в ассортименте);True;789;979;Главная - Каталог продукции - Транспорт - Коллекционные машинки - Коллекционные машинки - Wincars YK-2201 Джип с большими колёсами инерционный металлический 14 см, (в ассортименте);Ростов-на-Дону;https://www.toy.ru/catalog/modeli_mashin/wincars_yk_2201_dzhip_s_bolshimi_kolyesami_inertsionnyy_metallicheskiy_14_sm_v_assortimente/;https://cdn.toy.ru/upload/iblock/713/yk_2201.jpg?_cvc=1650080446, https://cdn.toy.ru/upload/iblock/596/yk_2201_3.jpg?_cvc=1650080446, https://cdn.toy.ru/upload/iblock/626/yk_2201.jpg?_cvc=1650080446, https://cdn.toy.ru/upload/iblock/a1f/yk_2201_2.jpg?_cvc=1650080446
Welly 42384PB Велли Модель машины 1:34-39 Волга МИЛИЦИЯ ДПС;True;579;;Главная - Каталог продукции - Транспорт - Коллекционные машинки - Модели российских автомобилей - Welly 42384PB Велли Модель машины 1:34-39 Волга МИЛИЦИЯ ДПС;Ростов-на-Дону;https://www.toy.ru/catalog/modeli_otechestvennykh_mashin/welly_42384pb_velli_model_mashiny_1_34_39_volga_militsiya_dps/;https://cdn.toy.ru/upload/iblock/038/8d303777_e5b0_11df_9723_00210091c2bb.jpg?_cvc=1650080446
Welly 42387CTB Велли Модель машины 1:34-39 ГАЗель ТЕЛЕВИДЕНИЕ;True;579;;Главная - Каталог продукции - Транспорт - Коллекционные машинки - Модели российских автомобилей - Welly 42387CTB Велли Модель машины 1:34-39 ГАЗель ТЕЛЕВИДЕНИЕ;Ростов-на-Дону;https://www.toy.ru/catalog/modeli_otechestvennykh_mashin/welly_42387ctb_velli_model_mashiny_1_34_39_gazel_televidenie/;https://cdn.toy.ru/upload/iblock/3b6/8d303793_e5b0_11df_9723_00210091c2bb.jpeg?_cvc=1650080446
Mattel Hot Wheels GCK38 Хот Вилс Трюковой тягач;True;4279;;Главная - Каталог продукции - Транспорт - Автотреки и машинки Hot Wheels - Mattel Hot Wheels GCK38 Хот Вилс Трюковой тягач;Ростов-на-Дону;https://www.toy.ru/catalog/toys-avtotreki/mattel_hot_wheels_gck38_khot_vils_tryukovoy_tyagach/;https://cdn.toy.ru/upload/iblock/d90/gck38_01.jpg?_cvc=1650080446, https://cdn.toy.ru/upload/iblock/b62/gck38_02.jpg?_cvc=1650080446, https://cdn.toy.ru/upload/iblock/65f/gck38_03.jpg?_cvc=1650080446, https://cdn.toy.ru/upload/iblock/a0a/gck38_04.jpg?_cvc=1650080446, https://cdn.toy.ru/upload/iblock/d5e/gck38_05.jpg?_cvc=1650080446, https://cdn.toy.ru/upload/iblock/862/gck38_06.jpg?_cvc=1650080446, https://cdn.toy.ru/upload/iblock/b23/gck38_07.jpg?_cvc=1650080446, https://cdn.toy.ru/upload/iblock/d59/gck38_08.jpg?_cvc=1650080446
Welly 24099 Велли Модель машины 1:24 Porsche 911 Carrera 4S;True;1679;2099;Главная - Каталог продукции - Транспорт - Коллекционные машинки - Коллекционные машинки - Welly 24099 Велли Модель машины 1:24 Porsche 911 Carrera 4S;Ростов-на-Дону;https://www.toy.ru/catalog/modeli_mashin/welly_24099_velli_model_mashiny_1_24_porsche_911_carrera_4s/;https://cdn.toy.ru/upload/iblock/fef/24099.jpg?_cvc=1650080446
Wincars YK-2203 Внедорожник с большими колёсами инерционный металлический 14 см, (в ассортименте);True;719;899;Главная - Каталог продукции - Транспорт - Коллекционные машинки - Коллекционные машинки - Wincars YK-2203 Внедорожник с большими колёсами инерционный металлический 14 см, (в ассортименте);Ростов-на-Дону;https://www.toy.ru/catalog/modeli_mashin/wincars_yk_2203_vnedorozhnik_s_bolshimi_kolyesami_inertsionnyy_metallicheskiy_14_sm_v_assortimente/;https://cdn.toy.ru/upload/iblock/a2c/yk_2203.jpg?_cvc=1650080446, https://cdn.toy.ru/upload/iblock/a38/yk_2203_3_blue.jpg?_cvc=1650080446, https://cdn.toy.ru/upload/iblock/a70/yk_2203_3_green.jpg?_cvc=1650080446, https://cdn.toy.ru/upload/iblock/2c5/yk_2203_3_orange.jpg?_cvc=1650080446, https://cdn.toy.ru/upload/iblock/a5d/yk_2203_3_red.jpg?_cvc=1650080446, https://cdn.toy.ru/upload/iblock/16c/yk_2203_1_blue.jpg?_cvc=1650080446, https://cdn.toy.ru/upload/iblock/fd1/yk_2203_1_orange.jpg?_cvc=1650080446, https://cdn.toy.ru/upload/iblock/feb/yk_2203_1_red.jpg?_cvc=1650080446
Welly 12164P Велли Модель мотоцикла 1:18 MOTORCYCLE / HONDA CBR900RR FIREBLADE;True;649;;Главная - Каталог продукции - Транспорт - Коллекционные машинки - Модели мотоциклов - Welly 12164P Велли Модель мотоцикла 1:18 MOTORCYCLE / HONDA CBR900RR FIREBLADE;Ростов-на-Дону;https://www.toy.ru/catalog/modeli_mototsiklov/welly_12164p_velli_model_mototsikla_1_18_motorcycle_honda_cbr900rr_fireblade/;https://cdn.toy.ru/upload/iblock/f62/8d3036f1_e5b0_11df_9723_00210091c2bb.jpeg?_cvc=1650080446, https://cdn.toy.ru/upload/iblock/e96/12164p.jpg?_cvc=1650080446
Welly 24065 Велли Модель машины 1:24 Audi R8 V10;True;1499;;Главная - Каталог продукции - Транспорт - Коллекционные машинки - Коллекционные машинки - Welly 24065 Велли Модель машины 1:24 Audi R8 V10;Ростов-на-Дону;https://www.toy.ru/catalog/modeli_mashin/welly_24065_velli_model_mashiny_1_24_audi_r8_v10/;https://cdn.toy.ru/upload/iblock/17d/1.jpg?_cvc=1650080446, https://cdn.toy.ru/upload/iblock/bfc/2.jpg?_cvc=1650080446, https://cdn.toy.ru/upload/iblock/326/3.jpg?_cvc=1650080446
Welly 12844P Велли модель мотоцикла 1:18 Suzuki GSX S1000F;True;649;;Главная - Каталог продукции - Транспорт - Коллекционные машинки - Модели мотоциклов - Welly 12844P Велли модель мотоцикла 1:18 Suzuki GSX S1000F;Ростов-на-Дону;https://www.toy.ru/catalog/modeli_mototsiklov/welly_12844p_velli_model_mototsikla_1_18_suzuki_gsx_s1000f/;https://cdn.toy.ru/upload/iblock/4d0/12844p.jpg?_cvc=1650080446
Welly 42387AFS Велли Модель машины 1:34-39 ГАЗель ПОЖАРНАЯ ОХРАНА;True;539;;Главная - Каталог продукции - Транспорт - Коллекционные машинки - Модели российских автомобилей - Welly 42387AFS Велли Модель машины 1:34-39 ГАЗель ПОЖАРНАЯ ОХРАНА;Ростов-на-Дону;https://www.toy.ru/catalog/modeli_otechestvennykh_mashin/welly_42387afs_velli_model_mashiny_1_34_39_gazel_pozharnaya_okhrana/;https://cdn.toy.ru/upload/iblock/636/8d303781_e5b0_11df_9723_00210091c2bb.jpeg?_cvc=1650080446
Welly 39887 Велли Модель машины 1:32 HUMMER H3;True;769;;Главная - Каталог продукции - Транспорт - Коллекционные машинки - Коллекционные машинки - Welly 39887 Велли Модель машины 1:32 HUMMER H3;Ростов-на-Дону;https://www.toy.ru/catalog/modeli_mashin/welly_39887_velli_model_mashiny_1_32_hummer_h3/;https://cdn.toy.ru/upload/iblock/bfb/39887.jpg?_cvc=1650080446, https://cdn.toy.ru/upload/iblock/78c/39887.jpg?_cvc=1650080446, https://cdn.toy.ru/upload/iblock/ece/39887_1.jpg?_cvc=1650080446, https://cdn.toy.ru/upload/iblock/a95/39887_2.jpg?_cvc=1650080446, https://cdn.toy.ru/upload/iblock/62d/39887_3.jpg?_cvc=1650080446, https://cdn.toy.ru/upload/iblock/37b/39887_4.jpg?_cvc=1650080446, https://cdn.toy.ru/upload/iblock/c96/39887_5.jpg?_cvc=1650080446
Welly 47002S Велли Модель машины 1:34-39 Chevrolet Tahoe Big Wheel Monster;True;749;;Главная - Каталог продукции - Транспорт - Коллекционные машинки - Коллекционные машинки - Welly 47002S Велли Модель машины 1:34-39 Chevrolet Tahoe Big Wheel Monster;Ростов-на-Дону;https://www.toy.ru/catalog/modeli_mashin/welly_47002s_velli_model_mashiny_1_34_39_chevrolet_tahoe_big_wheel_monster/;https://cdn.toy.ru/upload/iblock/7df/47002s.jpg?_cvc=1650080446
Welly 52020E Велли Модель машины 1:60 яйцо-сюрприз;True;259;;Главная - Каталог продукции - Транспорт - Коллекционные машинки - Коллекционные машинки - Welly 52020E Велли Модель машины 1:60 яйцо-сюрприз;Ростов-на-Дону;https://www.toy.ru/catalog/modeli_mashin/welly_52020e_velli_model_mashiny_1_60_v_yaytse_syurprize/;https://cdn.toy.ru/upload/iblock/3fb/86b73781_e5b0_11df_9723_00210091c2bb.jpeg?_cvc=1650080446, https://cdn.toy.ru/upload/iblock/e48/86b73781_e5b0_11df_9723_00210091c2bb52020e_2.jpeg?_cvc=1650080446, https://cdn.toy.ru/upload/iblock/ab8/86b73781_e5b0_11df_9723_00210091c2bb52020e_3.jpeg?_cvc=1650080446
Rev&Roll EU881150 Мини машинка - Типпер;True;239;619;Главная - Каталог продукции - Игровые наборы - Любимые герои - Rev&Roll EU881150 Мини машинка - Типпер;Ростов-на-Дону;https://www.toy.ru/catalog/lyubimye_geroi_figures/rev_roll_eu881150_mini_mashinka_tipper/;https://cdn.toy.ru/upload/iblock/db1/88_600.jpg?_cvc=1650080446, https://cdn.toy.ru/upload/iblock/658/855929_main.jpg?_cvc=1650080446
Welly 97506R-1 Велли Игровой набор "Строительная техника" 5 шт.;True;649;;Главная - Каталог продукции - Транспорт - Коллекционные машинки - Наборы машинок - Welly 97506R-1 Велли Игровой набор "Строительная техника" 5 шт.;Ростов-на-Дону;https://www.toy.ru/catalog/nabory_mashinok/welly_97506r_1_velli_igrovoy_nabor_stroitelnaya_tekhnika_5_sht/;https://cdn.toy.ru/upload/iblock/acc/97506r_1.jpg?_cvc=1650080446
Welly 39895 Велли Модель машины 1:32 Porsche Cayenne Turbo;True;689;;Главная - Каталог продукции - Транспорт - Коллекционные машинки - Коллекционные машинки - Welly 39895 Велли Модель машины 1:32 Porsche Cayenne Turbo;Ростов-на-Дону;https://www.toy.ru/catalog/modeli_mashin/welly_39895_velli_model_mashiny_1_32_porsche_cayenne_turbo/;https://cdn.toy.ru/upload/iblock/900/39895.jpg?_cvc=1650080446, https://cdn.toy.ru/upload/iblock/50e/39895_1.jpg?_cvc=1650080446, https://cdn.toy.ru/upload/iblock/ad6/39895_m.blue_p190104..jpg?_cvc=1650080446
Rev&Roll EU881021 Фигурка+машинка (метал) - Эйвери и Элли;True;1289;;Главная - Каталог продукции - Игровые наборы - Фигурки - Rev&Roll EU881021 Фигурка+машинка (метал) - Эйвери и Элли;Ростов-на-Дону;https://www.toy.ru/catalog/toys-figurki/rev_roll_eu881021_figruka_mashinka_metal_averi_i_alley/;https://cdn.toy.ru/upload/iblock/78d/78_600.jpg?_cvc=1650080446, https://cdn.toy.ru/upload/iblock/0c5/855793_main.jpg?_cvc=1650080446
Mattel Hot Wheels FYK13 Хот Вилс МОНСТР ТРАК ТЯГАЧ;True;3189;4249;Главная - Каталог продукции - Транспорт - Автотреки и машинки Hot Wheels - Mattel Hot Wheels FYK13 Хот Вилс МОНСТР ТРАК ТЯГАЧ;Ростов-на-Дону;https://www.toy.ru/catalog/toys-avtotreki/mattel_hot_wheels_fyk13_khot_vils_monster_trak_tyagach/;https://cdn.toy.ru/upload/iblock/a1f/fyk13_c_18_0001.jpg?_cvc=1650080446, https://cdn.toy.ru/upload/iblock/89e/fyk13_w_18_0002.jpg?_cvc=1650080446, https://cdn.toy.ru/upload/iblock/197/fyk13_w_18_0003.jpg?_cvc=1650080446, https://cdn.toy.ru/upload/iblock/0a0/fyk13_w_18_0004.jpg?_cvc=1650080446, https://cdn.toy.ru/upload/iblock/00f/fyk13_pip_fe_19_001.jpg?_cvc=1650080446
Welly 43750 Велли Модель машины 1:38 Chevrolet Silverado;True;389;;Главная - Каталог продукции - Транспорт - Коллекционные машинки - Коллекционные машинки - Welly 43750 Велли Модель машины 1:38 Chevrolet Silverado;Ростов-на-Дону;https://www.toy.ru/catalog/modeli_mashin/welly_43750_velli_model_mashiny_1_38_chevrolet_silverado/;https://cdn.toy.ru/upload/iblock/844/43750_set_wm_190321.jpg?_cvc=1650080446
Welly 43777 Велли Модель машины 1:34-39 ASTON MARTIN DBS SUPERLEGGERA;True;519;;Главная - Каталог продукции - Транспорт - Коллекционные машинки - Коллекционные машинки - Welly 43777 Велли Модель машины 1:34-39 ASTON MARTIN DBS SUPERLEGGERA;Ростов-на-Дону;https://www.toy.ru/catalog/modeli_mashin/welly_43777_velli_model_mashiny_1_34_39_aston_martin_dbs_superleggera/;https://cdn.toy.ru/upload/iblock/f74/43777.jpg?_cvc=1650080446
Wincars YK-2223 Чистый город Разборная инерционная машина с цистерной и водомётом, звук, свет;True;1759;2189;Главная - Каталог продукции - Игровые наборы - Мини наборы - Wincars YK-2223 Чистый город Разборная инерционная машина с цистерной и водомётом, звук, свет;Ростов-на-Дону;https://www.toy.ru/catalog/mininabory/wincars_yk_2223_chistyy_gorod_razbornaya_inertsionnaya_mashina_s_tsisternoy_i_vodomyetom_zvuk_svet/;https://cdn.toy.ru/upload/iblock/d65/yk_2223_6.jpg?_cvc=1650080446, https://cdn.toy.ru/upload/iblock/764/yk_2223_4.jpg?_cvc=1650080446, https://cdn.toy.ru/upload/iblock/3a0/yk_2223_3.jpg?_cvc=1650080446, https://cdn.toy.ru/upload/iblock/fc2/yk_2223_5.jpg?_cvc=1650080446, https://cdn.toy.ru/upload/iblock/a1f/yk_2223.jpg?_cvc=1650080446, https://cdn.toy.ru/upload/iblock/6d6/yk_2223_2.jpg?_cvc=1650080446
Rev&Roll EU881130 Мини машинка - Сприцер;True;239;619;Главная - Каталог продукции - Игровые наборы - Любимые герои - Rev&Roll EU881130 Мини машинка - Сприцер;Ростов-на-Дону;https://www.toy.ru/catalog/lyubimye_geroi_figures/rev_roll_eu881130_mini_mashinka_spritser/;https://cdn.toy.ru/upload/iblock/a09/87_600.jpg?_cvc=1650080446, https://cdn.toy.ru/upload/iblock/3ab/855920_main.jpg?_cvc=1650080446
Rev&Roll EU881041 Фигурка+машинка (метал) - Оуен и Крэш;True;489;1289;Главная - Каталог продукции - Игровые наборы - Фигурки - Rev&Roll EU881041 Фигурка+машинка (метал) - Оуен и Крэш;Ростов-на-Дону;https://www.toy.ru/catalog/toys-figurki/rev_roll_eu881041_figruka_mashinka_metal_ouen_i_kresh/;https://cdn.toy.ru/upload/iblock/843/81_600.jpg?_cvc=1650080446, https://cdn.toy.ru/upload/iblock/643/855804_main.jpg?_cvc=1650080446
Wincars YK-2217 Большая стройка Разборная инерционная машина Самосвал, звук, свет;True;1049;1609;Главная - Каталог продукции - Игровые наборы - Мини наборы - Wincars YK-2217 Большая стройка Разборная инерционная машина Самосвал, звук, свет;Ростов-на-Дону;https://www.toy.ru/catalog/mininabory/wincars_yk_2217_bolshaya_stroyka_razbornaya_inertsionnaya_mashina_samosval_zvuk_svet/;https://cdn.toy.ru/upload/iblock/adb/yk_2217_6.jpg?_cvc=1650080446, https://cdn.toy.ru/upload/iblock/544/yk_2217_4.jpg?_cvc=1650080446, https://cdn.toy.ru/upload/iblock/1ec/yk_2217_3.jpg?_cvc=1650080446, https://cdn.toy.ru/upload/iblock/214/yk_2217_5.jpg?_cvc=1650080446, https://cdn.toy.ru/upload/iblock/250/yk_2217.jpg?_cvc=1650080446, https://cdn.toy.ru/upload/iblock/617/yk_2217_2.jpg?_cvc=1650080446
Rev&Roll EU881120 Мини машинка - Элли;True;239;619;Главная - Каталог продукции - Игровые наборы - Любимые герои - Rev&Roll EU881120 Мини машинка - Элли;Ростов-на-Дону;https://www.toy.ru/catalog/lyubimye_geroi_figures/rev_roll_eu881120_mini_mashinka_alley/;https://cdn.toy.ru/upload/iblock/d4d/84_600.jpg?_cvc=1650080446, https://cdn.toy.ru/upload/iblock/7cc/855863_main.jpg?_cvc=1650080446
Welly 24089 Велли Модель машины 1:24 McLaren 675LT Coupe;True;1729;;Главная - Каталог продукции - Транспорт - Коллекционные машинки - Коллекционные машинки - Welly 24089 Велли Модель машины 1:24 McLaren 675LT Coupe;Ростов-на-Дону;https://www.toy.ru/catalog/modeli_mashin/welly_24089_velli_model_mashiny_1_24_mclaren_675lt_coupe/;https://cdn.toy.ru/upload/iblock/490/24089.jpg?_cvc=1650080446
Monster Jam 6053250 Монстр Джем Машинка Звуки мотора 1;True;1329;;Главная - Каталог продукции - Транспорт - Машинки из мультфильмов - Monster Jam 6053250 Монстр Джем Машинка Звуки мотора 1;Ростов-на-Дону;https://www.toy.ru/catalog/mashinki_iz_multfilmov/monster_jam_6053250_monstr_dzhem_mashinka_zvuki_motora_1/;https://cdn.toy.ru/upload/iblock/064/1.jpg?_cvc=1650080446, https://cdn.toy.ru/upload/iblock/cae/2.jpg?_cvc=1650080446, https://cdn.toy.ru/upload/iblock/c47/3.jpg?_cvc=1650080446
Welly 43757 Велли Модель машины 1:38 McLaren 675LT Coupe;True;339;419;Главная - Каталог продукции - Транспорт - Коллекционные машинки - Коллекционные машинки - Welly 43757 Велли Модель машины 1:38 McLaren 675LT Coupe;Ростов-на-Дону;https://www.toy.ru/catalog/modeli_mashin/welly_43757_velli_model_mashiny_1_38_mclaren_675lt_coupe/;https://cdn.toy.ru/upload/iblock/dce/43757_set_wm_190321.jpg?_cvc=1650080446
Welly 12854P Велли Модель мотоцикла 1:18 HONDA NC750S;True;709;;Главная - Каталог продукции - Транспорт - Коллекционные машинки - Модели мотоциклов - Welly 12854P Велли Модель мотоцикла 1:18 HONDA NC750S;Ростов-на-Дону;https://www.toy.ru/catalog/modeli_mototsiklov/welly_12854p_velli_model_mototsikla_1_18_honda_nc750s/;https://cdn.toy.ru/upload/iblock/ace/12854p.jpg?_cvc=1650080446
Mattel Hot Wheels GVG13 Хот Вилс Конструктор Трассы c машинкой в наборе;True;1739;;Главная - Каталог продукции - Транспорт - Автотреки и машинки Hot Wheels - Mattel Hot Wheels GVG13 Хот Вилс Конструктор Трассы c машинкой в наборе;Ростов-на-Дону;https://www.toy.ru/catalog/toys-avtotreki/mattel_hot_wheels_gvg13_khot_vils_konstruktor_trassy_c_mashinkoy_v_nabore/;https://cdn.toy.ru/upload/iblock/2f0/1.jpg?_cvc=1650080446, https://cdn.toy.ru/upload/iblock/458/2.jpg?_cvc=1650080446, https://cdn.toy.ru/upload/iblock/0a5/3.jpg?_cvc=1650080446, https://cdn.toy.ru/upload/iblock/36f/4.jpg?_cvc=1650080446
Welly 47006S Велли Модель машины 1:34-39 School Bus Big Wheel Monster;True;729;;Главная - Каталог продукции - Транспорт - Коллекционные машинки - Коллекционные машинки - Welly 47006S Велли Модель машины 1:34-39 School Bus Big Wheel Monster;Ростов-на-Дону;https://www.toy.ru/catalog/modeli_mashin/welly_47006s_velli_model_mashiny_1_34_39_school_bus_big_wheel_monster/;https://cdn.toy.ru/upload/iblock/2da/47006s.jpg?_cvc=1650080446
Welly 95210-3A Велли Игровой "Пожарная команда" 3 шт.;True;669;;Главная - Каталог продукции - Транспорт - Коллекционные машинки - Наборы машинок - Welly 95210-3A Велли Игровой "Пожарная команда" 3 шт.;Ростов-на-Дону;https://www.toy.ru/catalog/nabory_mashinok/welly_95210_3a_velli_igrovoy_pozharnaya_komanda_3_sht/;https://cdn.toy.ru/upload/iblock/841/95210_3a.jpg?_cvc=1650080446
Welly 43763PB Велли Модель машины 1:34-39 LADA VESTA SW CROSS Полиция ДПС;True;459;;Главная - Каталог продукции - Транспорт - Коллекционные машинки - Коллекционные машинки - Welly 43763PB Велли Модель машины 1:34-39 LADA VESTA SW CROSS Полиция ДПС;Ростов-на-Дону;https://www.toy.ru/catalog/modeli_mashin/welly_43763pb_velli_model_mashiny_1_34_39_lada_vesta_sw_cross_politsiya_dps/;https://cdn.toy.ru/upload/iblock/789/43763pb_3.png?_cvc=1650080446, https://cdn.toy.ru/upload/iblock/121/43763pb.png?_cvc=1650080446, https://cdn.toy.ru/upload/iblock/5c2/43763pb_2.png?_cvc=1650080446
Welly 43782 Велли Модель машины 1:34-39 Mercedes-Benz X-Class;True;519;;Главная - Каталог продукции - Транспорт - Коллекционные машинки - Коллекционные машинки - Welly 43782 Велли Модель машины 1:34-39 Mercedes-Benz X-Class;Ростов-на-Дону;https://www.toy.ru/catalog/modeli_mashin/welly_43782_velli_model_mashiny_1_34_39_mercedes_benz_x_class/;https://cdn.toy.ru/upload/iblock/cc9/43782.jpg?_cvc=1650080446
Wincars YK-2216 Большая стройка Разборная инерционная машина Бетономешалка, звук, свет;True;1289;1609;Главная - Каталог продукции - Игровые наборы - Мини наборы - Wincars YK-2216 Большая стройка Разборная инерционная машина Бетономешалка, звук, свет;Ростов-на-Дону;https://www.toy.ru/catalog/mininabory/wincars_yk_2216_bolshaya_stroyka_razbornaya_inertsionnaya_mashina_betonomeshalka_zvuk_svet/;https://cdn.toy.ru/upload/iblock/73d/yk_2216_6.jpg?_cvc=1650080446, https://cdn.toy.ru/upload/iblock/26d/yk_2216_4.jpg?_cvc=1650080446, https://cdn.toy.ru/upload/iblock/869/yk_2216_3.jpg?_cvc=1650080446, https://cdn.toy.ru/upload/iblock/085/yk_2216_5.jpg?_cvc=1650080446, https://cdn.toy.ru/upload/iblock/7cb/yk_2216.jpg?_cvc=1650080446, https://cdn.toy.ru/upload/iblock/758/yk_2216_2.jpg?_cvc=1650080446
Welly 24081 Велли Модель машины 1:24 Mercedes-Benz AMG GT R;True;1959;;Главная - Каталог продукции - Транспорт - Коллекционные машинки - Коллекционные машинки - Welly 24081 Велли Модель машины 1:24 Mercedes-Benz AMG GT R;Ростов-на-Дону;https://www.toy.ru/catalog/modeli_mashin/welly_24081_velli_model_mashiny_1_24_mercedes_benz_amg_gt_r/;https://cdn.toy.ru/upload/iblock/1df/24081.jpg?_cvc=1650080446
Monster Jam 6061693 Монстр Джем Шоу Далматина;True;2969;;Главная - Каталог продукции - Игровые наборы - Мини наборы - Monster Jam 6061693 Монстр Джем Шоу Далматина;Ростов-на-Дону;https://www.toy.ru/catalog/mininabory/monster_jam_6061693_monstr_dzhem_shou_dalmatina/;https://cdn.toy.ru/upload/iblock/aed/9.jpg?_cvc=1650080446, https://cdn.toy.ru/upload/iblock/152/2.jpg?_cvc=1650080446, https://cdn.toy.ru/upload/iblock/982/3.jpg?_cvc=1650080446, https://cdn.toy.ru/upload/iblock/ec5/4.jpg?_cvc=1650080446, https://cdn.toy.ru/upload/iblock/9ab/5.jpg?_cvc=1650080446, https://cdn.toy.ru/upload/iblock/15f/6.jpg?_cvc=1650080446, https://cdn.toy.ru/upload/iblock/dc7/7.jpg?_cvc=1650080446, https://cdn.toy.ru/upload/iblock/d40/8.jpg?_cvc=1650080446
Welly 95310 Велли Модель фантазийной машины (в ассортименте);True;149;;Главная - Каталог продукции - Транспорт - Коллекционные машинки - Коллекционные машинки - Welly 95310 Велли Модель фантазийной машины (в ассортименте);Ростов-на-Дону;https://www.toy.ru/catalog/modeli_mashin/welly_95310_velli_model_fantaziynoy_mashiny_v_assortimente/;https://cdn.toy.ru/upload/iblock/f56/95310.jpg?_cvc=1650080446, https://cdn.toy.ru/upload/iblock/ea4/3.jpg?_cvc=1650080446, https://cdn.toy.ru/upload/iblock/cb2/4.jpg?_cvc=1650080446, https://cdn.toy.ru/upload/iblock/e7a/5.jpg?_cvc=1650080446, https://cdn.toy.ru/upload/iblock/a20/car_02.jpg?_cvc=1650080446, https://cdn.toy.ru/upload/iblock/e2f/car_07.jpg?_cvc=1650080446, https://cdn.toy.ru/upload/iblock/8a5/2.jpg?_cvc=1650080446, https://cdn.toy.ru/upload/iblock/3d4/1.jpg?_cvc=1650080446
Mattel Hot Wheels GBF97 Хот Вилс Сити Игровой набор "Разгневанный трицератопс";True;4589;;Главная - Каталог продукции - Транспорт - Автотреки и машинки Hot Wheels - Mattel Hot Wheels GBF97 Хот Вилс Сити Игровой набор "Разгневанный трицератопс";Ростов-на-Дону;https://www.toy.ru/catalog/toys-avtotreki/mattel_hot_wheels_gbf97_khot_vils_siti_igrovoy_nabor_razgnevannyy_tritseratops/;https://cdn.toy.ru/upload/iblock/1f9/gbf97_22.jpg?_cvc=1650080446, https://cdn.toy.ru/upload/iblock/fc0/gbf97_01.jpg?_cvc=1650080446, https://cdn.toy.ru/upload/iblock/dd2/gbf97_13.jpg?_cvc=1650080446, https://cdn.toy.ru/upload/iblock/01f/gbf97_14.jpg?_cvc=1650080446, https://cdn.toy.ru/upload/iblock/6d7/gbf97_15.jpg?_cvc=1650080446, https://cdn.toy.ru/upload/iblock/000/gbf97_19.jpg?_cvc=1650080446, https://cdn.toy.ru/upload/iblock/f5d/gbf97_20.jpg?_cvc=1650080446, https://cdn.toy.ru/upload/iblock/11f/gbf97_26.jpg?_cvc=1650080446
Welly 95210-3C Велли Игровой набор "Спасательная команда" 3 шт.;True;669;;Главная - Каталог продукции - Транспорт - Спецтехника  - Welly 95210-3C Велли Игровой набор "Спасательная команда" 3 шт.;Ростов-на-Дону;https://www.toy.ru/catalog/toys-spetstekhnika/welly_95210_3c_velli_igrovoy_nabor_spasatelnaya_komanda_3_sht/;https://cdn.toy.ru/upload/iblock/613/95210_3c.jpg?_cvc=1650080446
Rev&Roll EU881310 Машинка+фигурка+аксессуары - Рамбл;True;2969;;Главная - Каталог продукции - Игровые наборы - Любимые герои - Rev&Roll EU881310 Машинка+фигурка+аксессуары - Рамбл;Ростов-на-Дону;https://www.toy.ru/catalog/lyubimye_geroi_figures/rev_roll_eu881310_mashinka_figurka_akssesuary_rambl/;https://cdn.toy.ru/upload/iblock/5d2/eu881310.jpg?_cvc=1650080446
Rev&Roll EU881031 Фигурка+машинка (метал) - Бо и Сприцер;True;1289;;Главная - Каталог продукции - Игровые наборы - Фигурки - Rev&Roll EU881031 Фигурка+машинка (метал) - Бо и Сприцер;Ростов-на-Дону;https://www.toy.ru/catalog/toys-figurki/rev_roll_eu881031_figruka_mashinka_metal_bo_i_spritser/;https://cdn.toy.ru/upload/iblock/c32/79_600.jpg?_cvc=1650080446, https://cdn.toy.ru/upload/iblock/a21/855802_main.jpg?_cvc=1650080446
Monster Jam 6053298 Монстр Джем набор машинок "Зона Зомби";True;3889;;Главная - Каталог продукции - Транспорт - Машинки из мультфильмов - Monster Jam 6053298 Монстр Джем набор машинок "Зона Зомби";Ростов-на-Дону;https://www.toy.ru/catalog/mashinki_iz_multfilmov/monster_jam_6053298_monstr_dzhem_nabor_mashinok_zona_zombi/;https://cdn.toy.ru/upload/iblock/7d1/0-_1_.jpg?_cvc=1650080446, https://cdn.toy.ru/upload/iblock/e3d/1.jpg?_cvc=1650080446
Mattel Hot Wheels GCG07 Хот Вилс Монстр трак Трансформеры BONE SHAKER;True;3179;;Главная - Каталог продукции - Транспорт - Автотреки и машинки Hot Wheels - Mattel Hot Wheels GCG07 Хот Вилс Монстр трак Трансформеры BONE SHAKER;Ростов-на-Дону;https://www.toy.ru/catalog/toys-avtotreki/mattel_hot_wheels_gcg07_khot_vils_monstr_trak_transformery_bone_shaker/;https://cdn.toy.ru/upload/iblock/b68/gcg07_pip_fe_19_001_19a.jpg?_cvc=1650080446
Welly 95210-3B Велли Игровой набор "Полицейская команда" 3 шт.;True;539;669;Главная - Каталог продукции - Транспорт - Коллекционные машинки - Наборы машинок - Welly 95210-3B Велли Игровой набор "Полицейская команда" 3 шт.;Ростов-на-Дону;https://www.toy.ru/catalog/nabory_mashinok/welly_95210_3b_velli_igrovoy_nabor_politseyskaya_komanda_3_sht/;https://cdn.toy.ru/upload/iblock/6cd/95210_3b.jpg?_cvc=1650080446
Zuru Metal Machines 6708 Модель машины 1:60 (в ассортименте) 12 шт;True;99;139;Главная - Каталог продукции - Транспорт - Коллекционные машинки - Коллекционные машинки - Zuru Metal Machines 6708 Модель машины 1:60 (в ассортименте) 12 шт;Ростов-на-Дону;https://www.toy.ru/catalog/modeli_mashin/zuru_metal_machines_6708_model_mashiny_1_60_v_assortimente_12_sht/;https://cdn.toy.ru/upload/iblock/ee7/metal-machines.jpg?_cvc=1650080446, https://cdn.toy.ru/upload/iblock/90b/1.jpg?_cvc=1650080446, https://cdn.toy.ru/upload/iblock/c81/2.jpg?_cvc=1650080446
Wincars YK-2222 Чистый город Подметально-уборочная машина, звук, свет;True;2189;;Главная - Каталог продукции - Игровые наборы - Мини наборы - Wincars YK-2222 Чистый город Подметально-уборочная машина, звук, свет;Ростов-на-Дону;https://www.toy.ru/catalog/mininabory/wincars_yk_2222_chistyy_gorod_podmetalno_uborochnaya_mashina_zvuk_svet/;https://cdn.toy.ru/upload/iblock/869/yk_2222_6.jpg?_cvc=1650080446, https://cdn.toy.ru/upload/iblock/834/yk_2222_4.jpg?_cvc=1650080446, https://cdn.toy.ru/upload/iblock/b8c/yk_2222_3.jpg?_cvc=1650080446, https://cdn.toy.ru/upload/iblock/c12/yk_2222_5.jpg?_cvc=1650080446, https://cdn.toy.ru/upload/iblock/249/yk_2222.jpg?_cvc=1650080446, https://cdn.toy.ru/upload/iblock/da3/yk_2222_2.jpg?_cvc=1650080446
Welltoy WT-1007 Каток;True;919;;Главная - Каталог продукции - Транспорт - Спецтехника  - Welltoy WT-1007 Каток;Ростов-на-Дону;https://www.toy.ru/catalog/toys-spetstekhnika/welltoy_wt_1007_katok/;https://cdn.toy.ru/upload/iblock/64d/1.jpg?_cvc=1650080446, https://cdn.toy.ru/upload/iblock/ce7/2.jpg?_cvc=1650080446, https://cdn.toy.ru/upload/iblock/7b1/3.jpg?_cvc=1650080446
Monster Jam 6061554 Монстр Джем Трюковая машинка;True;1349;;Главная - Каталог продукции - Транспорт - Машинки из мультфильмов - Monster Jam 6061554 Монстр Джем Трюковая машинка;Ростов-на-Дону;https://www.toy.ru/catalog/mashinki_iz_multfilmov/monster_jam_6061554_monstr_dzhem_tryukovaya_mashinka/;https://cdn.toy.ru/upload/iblock/dfe/1.jpg?_cvc=1650080446, https://cdn.toy.ru/upload/iblock/7c1/2.jpg?_cvc=1650080446, https://cdn.toy.ru/upload/iblock/9b5/3.jpg?_cvc=1650080446, https://cdn.toy.ru/upload/iblock/519/4.jpg?_cvc=1650080446
Welly 98310 Велли Модели строительной техники (в ассортименте);True;129;;Главная - Каталог продукции - Транспорт - Коллекционные машинки - Коллекционные машинки - Welly 98310 Велли Модели строительной техники (в ассортименте);Ростов-на-Дону;https://www.toy.ru/catalog/modeli_mashin/welly_98310_velli_modeli_stroitelnoy_tekhniki_v_assortimente/;https://cdn.toy.ru/upload/iblock/6f1/98310.jpg?_cvc=1650080446, https://cdn.toy.ru/upload/iblock/f0c/98315_b_wm_f170712.jpg?_cvc=1650080446, https://cdn.toy.ru/upload/iblock/b62/98317_b_wm_f170712.jpg?_cvc=1650080446, https://cdn.toy.ru/upload/iblock/4b4/406_b_wm_f170712.jpg?_cvc=1650080446, https://cdn.toy.ru/upload/iblock/a8d/98313_b_wm_f170712.jpg?_cvc=1650080446, https://cdn.toy.ru/upload/iblock/cfd/98311_b_wm_f170712.jpg?_cvc=1650080446, https://cdn.toy.ru/upload/iblock/271/98314_b_wm_f170712.jpg?_cvc=1650080446
Welly 43763RY Велли Модель машины 1:34-39 LADA VESTA SW CROSS Sport;True;459;;Главная - Каталог продукции - Транспорт - Коллекционные машинки - Коллекционные машинки - Welly 43763RY Велли Модель машины 1:34-39 LADA VESTA SW CROSS Sport;Ростов-на-Дону;https://www.toy.ru/catalog/modeli_mashin/welly_43763ry_velli_model_mashiny_1_34_39_lada_vesta_sw_cross_sport/;https://cdn.toy.ru/upload/iblock/d32/43763ry_3.png?_cvc=1650080446, https://cdn.toy.ru/upload/iblock/a30/43763ry.png?_cvc=1650080446, https://cdn.toy.ru/upload/iblock/330/43763ry_2.png?_cvc=1650080446
Welly 12853P Велли Модель мотоцикла 1:18 HONDA CBR650F;True;709;;Главная - Каталог продукции - Транспорт - Коллекционные машинки - Модели мотоциклов - Welly 12853P Велли Модель мотоцикла 1:18 HONDA CBR650F;Ростов-на-Дону;https://www.toy.ru/catalog/modeli_mototsiklov/welly_12853p_velli_model_mototsikla_1_18_honda_cbr650f/;https://cdn.toy.ru/upload/iblock/3f2/12853p.jpg?_cvc=1650080446
Rev&Roll EU881140 Мини машинка - Крэш;True;239;619;Главная - Каталог продукции - Игровые наборы - Любимые герои - Rev&Roll EU881140 Мини машинка - Крэш;Ростов-на-Дону;https://www.toy.ru/catalog/lyubimye_geroi_figures/rev_roll_eu881140_mini_mashinka_kresh/;https://cdn.toy.ru/upload/iblock/dc1/85_600.jpg?_cvc=1650080446, https://cdn.toy.ru/upload/iblock/ed8/855864_main.jpg?_cvc=1650080446
Welly 24105 Велли Модель машины 1:24 MCLAREN GT;True;1959;;Главная - Каталог продукции - Транспорт - Коллекционные машинки - Коллекционные машинки - Welly 24105 Велли Модель машины 1:24 MCLAREN GT;Ростов-на-Дону;https://www.toy.ru/catalog/modeli_mashin/welly_24105_velli_model_mashiny_1_24_mclaren_gt/;https://cdn.toy.ru/upload/iblock/a4d/24105.jpg?_cvc=1650080446
Welly 43763TI Велли Модель машины 1:34-39 LADA VESTA SW CROSS Такси;True;459;;Главная - Каталог продукции - Транспорт - Коллекционные машинки - Коллекционные машинки - Welly 43763TI Велли Модель машины 1:34-39 LADA VESTA SW CROSS Такси;Ростов-на-Дону;https://www.toy.ru/catalog/modeli_mashin/welly_43763ti_velli_model_mashiny_1_34_39_lada_vesta_sw_cross_taksi/;https://cdn.toy.ru/upload/iblock/2a8/43763ti_3.png?_cvc=1650080446, https://cdn.toy.ru/upload/iblock/e30/43763ti.png?_cvc=1650080446, https://cdn.toy.ru/upload/iblock/2f7/43763ti_2.png?_cvc=1650080446
Wincars YK-2221 Чистый город Разборная инерционная машина Мусоровоз, звук, свет;True;2189;;Главная - Каталог продукции - Игровые наборы - Мини наборы - Wincars YK-2221 Чистый город Разборная инерционная машина Мусоровоз, звук, свет;Ростов-на-Дону;https://www.toy.ru/catalog/mininabory/wincars_yk_2221_chistyy_gorod_razbornaya_inertsionnaya_mashina_musorovoz_zvuk_svet/;https://cdn.toy.ru/upload/iblock/2db/yk_2221_7.jpg?_cvc=1650080446, https://cdn.toy.ru/upload/iblock/a7b/yk_2221_4.jpg?_cvc=1650080446, https://cdn.toy.ru/upload/iblock/0b7/yk_2221_3.jpg?_cvc=1650080446, https://cdn.toy.ru/upload/iblock/e51/yk_2221_5.jpg?_cvc=1650080446, https://cdn.toy.ru/upload/iblock/0b8/yk_2221_6.jpg?_cvc=1650080446, https://cdn.toy.ru/upload/iblock/ff2/yk_2221.jpg?_cvc=1650080446, https://cdn.toy.ru/upload/iblock/0c1/yk_2221_2.jpg?_cvc=1650080446
Welly 24092 Велли Модель машины 1:24 Porsche Cayenne Turbo;True;1569;1959;Главная - Каталог продукции - Транспорт - Коллекционные машинки - Коллекционные машинки - Welly 24092 Велли Модель машины 1:24 Porsche Cayenne Turbo;Ростов-на-Дону;https://www.toy.ru/catalog/modeli_mashin/welly_24092_velli_model_mashiny_1_24_porsche_cayenne_turbo/;https://cdn.toy.ru/upload/iblock/935/24092.jpg?_cvc=1650080446, https://cdn.toy.ru/upload/iblock/a41/24092_1.jpg?_cvc=1650080446
Rev&Roll RU881800 Машинка инерционная (пластик) в ассортименте;True;109;289;Главная - Каталог продукции - Транспорт - Машинки из мультфильмов - Rev&Roll RU881800 Машинка инерционная (пластик) в ассортименте;Ростов-на-Дону;https://www.toy.ru/catalog/mashinki_iz_multfilmov/rev_roll_ru881800_mashinka_inertsionnaya_plastik_v_assortimente/;https://cdn.toy.ru/upload/iblock/f11/ru881800.jpg?_cvc=1650080446, https://cdn.toy.ru/upload/iblock/bf8/ru881800_1.png?_cvc=1650080446
Welly 52001 Велли Модель машины 1:60 LADA Vesta и LADA Vesta SW cross (в ассортименте);True;169;;Главная - Каталог продукции - Транспорт - Коллекционные машинки - Коллекционные машинки - Welly 52001 Велли Модель машины 1:60 LADA Vesta и LADA Vesta SW cross (в ассортименте);Ростов-на-Дону;https://www.toy.ru/catalog/modeli_mashin/welly_52001_velli_model_mashiny_1_60_lada_vesta_i_lada_vesta_sw_cross_v_assortimente/;https://cdn.toy.ru/upload/iblock/5fa/52001.jpg?_cvc=1650080446
